-- phpMyAdmin SQL Dump
-- version 5.0.4
-- https://www.phpmyadmin.net/
--
-- Host: 127.0.0.1
-- Generation Time: Apr 22, 2021 at 07:14 AM
-- Server version: 10.4.17-MariaDB
-- PHP Version: 8.0.1

SET SQL_MODE = "NO_AUTO_VALUE_ON_ZERO";
START TRANSACTION;
SET time_zone = "+00:00";


/*!40101 SET @OLD_CHARACTER_SET_CLIENT=@@CHARACTER_SET_CLIENT */;
/*!40101 SET @OLD_CHARACTER_SET_RESULTS=@@CHARACTER_SET_RESULTS */;
/*!40101 SET @OLD_COLLATION_CONNECTION=@@COLLATION_CONNECTION */;
/*!40101 SET NAMES utf8mb4 */;

--
-- Database: `msl_db`
--

--
-- Dumping data for table `tbl_chart_account_details`
--

INSERT INTO `tbl_chart_account_details` (`number`, `title`, `type`, `carrying_forward`) VALUES
('010000', 'Assets', 'debit', 0),
('010100', 'Cash And Financial Assets', 'debit', 1),
('010101', 'Land and Buildings', 'debit', 0),
('010102', 'Financial Assets (Investments)', 'debit', 0),
('010103', 'Restricted Cash and Financial Assets', 'debit', 0),
('010104', 'Motor Vehicles Saloon Cars', 'debit', 0),
('010105', 'Motor Vehicles Lorries and Canters', 'debit', 1),
('010106', 'Computer', 'debit', 1),
('010200', 'Receivables And Contracts', 'debit', 0),
('010201', 'Accounts, Notes And Loans Receivable', 'debit', 0),
('010202', 'Contracts', 'debit', 0),
('010203', 'Nontrade And Other Receivables', 'debit', 0),
('010300', 'Inventory', 'debit', 0),
('010301', 'Merchandise', 'debit', 0),
('010302', 'Raw Material, Parts And Supplies', 'debit', 0),
('010303', 'Work In Process', 'debit', 0),
('010304', 'Finished Goods', 'debit', 0),
('010305', 'Other Inventory', 'debit', 0),
('010400', 'Accruals And Additional Assets', 'debit', 0),
('010401', 'Prepaid Expense', 'debit', 0),
('010402', 'Accrued Income', 'debit', 0),
('010403', 'Additional Assets', 'debit', 0),
('010500', 'Property, Plant And Equipment', 'debit', 0),
('010501', 'Land And Land Improvements', 'debit', 0),
('010502', 'Buildings, Structures And Improvements', 'debit', 0),
('010503', 'Machinery And Equipment', 'debit', 0),
('010504', 'Furniture And Fixtures', 'debit', 0),
('010505', 'Additional Property, Plant And Equipment', 'debit', 0),
('010506', 'Construction In Progress', 'credit', 0),
('010507', 'Accumulated Depreciation And Depletion', 'debit', 0),
('010600', 'Intangible Assets (Excluding Goodwill)', 'debit', 0),
('010601', 'Intellectual Property', 'debit', 0),
('010602', 'Computer Software', 'debit', 0),
('010603', 'Trade And Distribution Assets', 'debit', 0),
('010604', 'Contracts And Rights', 'debit', 0),
('010605', 'Right To Use Assets (Classified By Type)', 'debit', 0),
('010606', 'Other Intangible Assets', 'debit', 0),
('010607', 'Acquisition In Progress', 'credit', 0),
('010608', 'Accumulated Amortization', 'debit', 0),
('010700', 'Goodwill', 'credit', 0),
('020000', 'Liabilities', 'credit', 0),
('020100', 'Payables Statements', 'credit', 0),
('020101', 'Trade Payables', 'credit', 0),
('020102', 'Dividends Payable', 'credit', 0),
('020103', 'Interest Payable', 'credit', 0),
('020104', 'Other Payables', 'credit', 0),
('020200', 'Accruals And Other Liabilities', 'credit', 0),
('020201', 'Accrued Expenses', 'credit', 0),
('020202', 'Deferred Income (Unearned Revenue) ', 'credit', 0),
('020203', 'Accrued Taxes (Other Than Payroll)', 'credit', 0),
('020204', 'Other (Non-Financial) Liabilities', 'credit', 0),
('020300', 'Financial Labilities', 'credit', 0),
('020301', 'Notes Payable', 'credit', 0),
('020302', 'Loans Payable', 'credit', 0),
('020303', 'Bonds (Debentures)', 'credit', 0),
('020304', 'Other Debts And Borrowings', 'credit', 0),
('020305', 'Lease Obligations', 'credit', 0),
('020306', 'Derivative Financial Liabilities', 'credit', 0),
('020307', 'Other Liabilities', 'credit', 0),
('020400', 'Provisions (Contingencies)', 'credit', 0),
('020401', 'Customer Related Provisions', 'credit', 0),
('020402', 'Ligation And Regulatory Provisions', 'credit', 0),
('020403', 'Other Provisions', 'credit', 0),
('030000', 'Equity', 'credit', 0),
('030100', 'Owners Equity (Attributable To Owners Of Parent)', 'credit', 0),
('030101', 'Equity At par (Issued Capital)', 'credit', 0),
('030102', 'Additional Paid-in Capital', 'credit', 0),
('030200', 'Retained Earnings', 'credit', 0),
('030201', 'Appropriated', 'credit', 0),
('030202', 'Unappropriated', 'debit', 0),
('030203', 'Deficit ', 'debit', 0),
('030204', 'In Suspense', 'debit', 0),
('030300', 'Accumulated OCI (US GAAP)', 'debit', 0),
('030400', 'Other Reserves (IFRS)', 'debit', 0),
('030500', 'Other Equity Items', 'debit', 0),
('030501', 'ESOP Related Items', 'debit', 0),
('030502', 'Subscribed Stock Receivables', 'debit', 0),
('030503', 'Treasury Stock', 'credit', 0),
('030504', 'Miscellaneous Equity', 'credit', 0),
('030600', 'Noncontrolling (Minority) Interest', 'credit', 0),
('040000', 'Revenue', 'credit', 0),
('040100', 'Recognized Point Of Time', 'credit', 0),
('040101', 'Goods', 'credit', 0),
('040102', 'Services', 'credit', 0),
('040200', 'Recognized Over Time', 'credit', 0),
('040201', 'Products', 'credit', 0),
('040202', 'Services', 'debit', 0),
('040300', 'Adjustments', 'debit', 0),
('040301', 'Variable Consideration', 'debit', 0),
('040302', 'Consideration Paid (Payable) To Customers', 'debit', 0),
('040303', 'Other Adjustments', 'debit', 0),
('050000', 'Expenses', 'debit', 0),
('050100', 'Expenses Classified By Nature', 'debit', 0),
('050101', 'Material And Merchandise', 'debit', 0),
('050102', 'Employee Benefits', 'debit', 0),
('050103', 'Services', 'debit', 0),
('050104', 'Rent, Depreciation, Amortization And Depletion', 'debit', 0),
('050105', 'Increase (Decrease) In Inventories Of Finished Goods And Work In Progress', 'debit', 0),
('050106', 'Other Work Performed By Entity And Capitalized', 'debit', 0),
('050200', 'Expenses Classified By Function', 'debit', 0),
('050201', 'Cost Of Sales', 'debit', 0),
('050202', 'Selling, General And Administrative ', 'debit', 0),
('050203', 'Accounts Receivable, Credit Loss (Reversal)', 'debit', 0),
('050204', 'Finance Costs', 'debit', 0),
('060000', 'Other (Non-Operating) Income And Expenses', 'debit', 0),
('060100', 'Other Revenue And Expenses', 'debit', 0),
('060101', 'Other Revenue', 'credit', 0),
('060102', 'Other Expenses', 'debit', 0),
('060200', 'Gains And Losses', 'debit', 0),
('060201', 'Foreign Currency Transaction Gain (Loss)', 'debit', 0),
('060202', 'Gain (Loss) On Investments', 'debit', 0),
('060203', 'Gain (Loss) On Derivatives', 'debit', 0),
('060204', 'Gain (Loss) On Disposal Of Assets', 'debit', 0),
('060205', 'Debt Related Gain (Loss)', 'debit', 0),
('060206', 'Impairment Loss', 'debit', 0),
('060207', 'Other Gains And (Losses)', 'debit', 0),
('060300', 'Taxes (Other Than Income And Payroll) And Fees', 'debit', 0),
('060301', 'Real Estate Taxes And Insurance', 'debit', 0),
('060302', 'Highway (Road) Taxes And Tolls', 'debit', 0),
('060303', 'Direct Tax And License Fees', 'debit', 0),
('060304', 'Excise And Sales Taxes', 'debit', 0),
('060305', 'Customs Fees And Duties (Not Classified As Sales Or Excise)', 'debit', 0),
('060306', 'Non-Deductible VAT (GST)', 'debit', 0),
('060307', 'General Insurance Expense', 'debit', 0),
('060308', 'Administrative Fees (Revenue Stamps)', 'debit', 0),
('060309', 'Fines And Penalties', 'debit', 0),
('060310', 'Miscellaneous Taxes', 'debit', 0),
('060311', 'Other Taxes And Fees', 'debit', 0),
('060400', 'Income Tax Expense (Benefit)', 'debit', 0),
('070000', 'Intercompany And Related Party Accounts', 'debit', 0),
('070100', 'Intercompany And Related Party Assets', 'debit', 0),
('070101', 'Intercompany Balances (Eliminated In Consolidation)', 'debit', 0),
('070102', 'Related Party Balances (Reported Or Disclosed)', 'debit', 0),
('070103', 'Intercompany Investments', 'debit', 0),
('070200', 'Intercompany And Related Party Liabilities', 'credit', 0),
('070201', 'Intercompany Balances (Eliminated In Consolidation)', 'credit', 0),
('070202', 'Related Party Balances (Reported Or Disclosed)', 'credit', 0),
('070300', 'Intercompany And Related Party Income And Expense', 'credit', 0),
('070301', 'Intercompany And Related Party Income', 'credit', 0),
('070302', 'Intercompany And Related Party Expenses', 'debit', 0),
('070303', 'Income (Loss) From Equity Method Investments', 'credit', 0),
('345543', 'rrraah', 'debit', 0);

--
-- Dumping data for table `tbl_chart_parent_child`
--

INSERT INTO `tbl_chart_parent_child` (`child_number`, `parent_number`) VALUES
('010100', '010000'),
('010200', '010000'),
('010300', '010000'),
('010400', '010000'),
('010500', '010000'),
('010600', '010000'),
('010700', '010000'),
('345543', '010000'),
('010101', '010100'),
('010102', '010100'),
('010103', '010100'),
('010104', '010100'),
('010105', '010100'),
('010106', '010100'),
('010201', '010200'),
('010202', '010200'),
('010203', '010200'),
('010301', '010300'),
('010302', '010300'),
('010303', '010300'),
('010304', '010300'),
('010305', '010300'),
('010401', '010400'),
('010402', '010400'),
('010403', '010400'),
('010501', '010500'),
('010502', '010500'),
('010503', '010500'),
('010504', '010500'),
('010506', '010500'),
('010507', '010500'),
('010505', '010506'),
('010601', '010600'),
('010602', '010600'),
('010603', '010600'),
('010604', '010600'),
('010605', '010600'),
('010606', '010600'),
('010607', '010600'),
('010608', '010600'),
('020100', '020000'),
('020200', '020000'),
('020300', '020000'),
('020400', '020000'),
('020101', '020100'),
('020102', '020100'),
('020103', '020100'),
('020104', '020100'),
('020201', '020200'),
('020202', '020200'),
('020203', '020200'),
('020204', '020200'),
('020301', '020300'),
('020302', '020300'),
('020303', '020300'),
('020304', '020300'),
('020305', '020300'),
('020306', '020300'),
('020307', '020300'),
('020401', '020400'),
('020402', '020400'),
('020403', '020400'),
('030100', '030000'),
('030200', '030000'),
('030300', '030000'),
('030400', '030000'),
('030500', '030000'),
('030600', '030000'),
('030101', '030100'),
('030102', '030100'),
('030201', '030200'),
('030202', '030200'),
('030203', '030200'),
('030204', '030200'),
('030501', '030500'),
('030502', '030500'),
('030503', '030500'),
('030504', '030500'),
('040100', '040000'),
('040200', '040000'),
('040300', '040000'),
('040101', '040100'),
('040102', '040100'),
('040201', '040200'),
('040202', '040200'),
('040301', '040300'),
('040302', '040300'),
('040303', '040300'),
('050100', '050000'),
('050200', '050000'),
('050101', '050100'),
('050102', '050100'),
('050103', '050100'),
('050104', '050100'),
('050105', '050100'),
('050106', '050100'),
('050201', '050200'),
('050202', '050200'),
('050203', '050200'),
('050204', '050200'),
('060100', '060000'),
('060200', '060000'),
('060300', '060000'),
('060400', '060000'),
('060101', '060100'),
('060102', '060100'),
('060201', '060200'),
('060202', '060200'),
('060203', '060200'),
('060204', '060200'),
('060205', '060200'),
('060206', '060200'),
('060207', '060200'),
('060301', '060300'),
('060302', '060300'),
('060303', '060300'),
('060304', '060300'),
('060305', '060300'),
('060306', '060300'),
('060307', '060300'),
('060308', '060300'),
('060309', '060300'),
('060310', '060300'),
('060311', '060300'),
('070100', '070000'),
('070200', '070000'),
('070300', '070000'),
('070101', '070100'),
('070102', '070100'),
('070103', '070100'),
('070201', '070200'),
('070202', '070200'),
('070301', '070300'),
('070302', '070300'),
('070303', '070300');

--
-- Dumping data for table `tbl_ledger`
--

INSERT INTO `tbl_ledger` (`ledger_name`, `group_code`) VALUES
('Land REF No# LR/KW/00024', '010101'),
('Land REF# 5690', '010101'),
('KAA234', '010104'),
('KAA254', '010105'),
('Cash at Hand Maisha 1', '010201'),
('Cash at Hand Ola', '010201'),
('Credit Card No# 00200', '010201'),
('Mpesa No# 0724', '010201'),
('Sale of FMCG Products', '040101'),
('Sale of Harware Items', '040101'),
('Sale of Petroleum Items', '040101'),
('Casual Wages', '050102'),
('Employee Salaries-Permanent Staff', '050102'),
('Depreciation to Motor Vehicles', '050104'),
('Rent and Leases', '050104'),
('Closing Stock', '050201'),
('Goods Returns Outwards', '050201'),
('Opening Stock', '050201'),
('Purchase Account', '050201'),
('Audit Fees', '050202'),
('Cleaning Expenses', '050202'),
('Commissions allowed to Customers', '050202'),
('Fines and Penalties', '050202'),
('Insurance Expenses', '050202'),
('Legal and Professional Fees', '050202'),
('Licences and Permits', '050202'),
('Motor Vehicle Fuel Consumption', '050202'),
('Motor Vehicle Repairs and Maintenance', '050202'),
('Motor Vehicle Tyres Account', '050202'),
('Office Expenses', '050202'),
('Printing and Stationary', '050202'),
('Bank Charges', '050204'),
('Bank Expenses and Ledger Fess', '050204'),
('Commissions on Bank Guarantee', '050204'),
('Interest on Bank Overdraft', '050204'),
('Interest on Loans', '050204'),
('Excise Duty', '060311');
COMMIT;

/*!40101 SET CHARACTER_SET_CLIENT=@OLD_CHARACTER_SET_CLIENT */;
/*!40101 SET CHARACTER_SET_RESULTS=@OLD_CHARACTER_SET_RESULTS */;
/*!40101 SET COLLATION_CONNECTION=@OLD_COLLATION_CONNECTION */;
